Name,Type,Description,Price,Category
Classic Laptop,Laptop,"A Laptop in the Electronics category, designed for quality and everyday use.",689.97,Electronics
Classic Stuffed Animal,Stuffed Animal,"A Stuffed Animal in the Toys category, designed for quality and everyday use.",190.75,Toys
Classic Essay,Essay,"A Essay in the Books category, designed for quality and everyday use.",203.34,Books
Classic Tea,Tea,"A Tea in the Food category, designed for quality and everyday use.",1235.44,Food
Modern Tablet,Tablet,"A Tablet in the Electronics category, designed for quality and everyday use.",1417.43,Electronics
Modern Juice,Juice,"A Juice in the Food category, designed for quality and everyday use.",797.75,Food
Eco Lipstick,Lipstick,"A Lipstick in the Beauty category, designed for quality and everyday use.",16.49,Beauty
Modern Yoga Mat,Yoga Mat,"A Yoga Mat in the Sports category, designed for quality and everyday use.",690.22,Sports
Eco Sofa,Sofa,"A Sofa in the Home category, designed for quality and everyday use.",1116.43,Home
Luxury Laptop,Laptop,"A Laptop in the Electronics category, designed for quality and everyday use.",701.65,Electronics
Luxury Television,Television,"A Television in the Electronics category, designed for quality and everyday use.",288.21,Electronics
Classic Dictionary,Dictionary,"A Dictionary in the Books category, designed for quality and everyday use.",1141.62,Books
Classic Sneakers,Sneakers,"A Sneakers in the Clothing category, designed for quality and everyday use.",1187.03,Clothing
Eco Sofa,Sofa,"A Sofa in the Home category, designed for quality and everyday use.",1334.59,Home
Classic T-shirt,T-shirt,"A T-shirt in the Clothing category, designed for quality and everyday use.",529.64,Clothing
Luxury Headphones,Headphones,"A Headphones in the Electronics category, designed for quality and everyday use.",351.13,Electronics
Luxury Dress,Dress,"A Dress in the Clothing category, designed for quality and everyday use.",1334.2,Clothing
Classic Television,Television,"A Television in the Electronics category, designed for quality and everyday use.",86.63,Electronics
Eco Chocolate,Chocolate,"A Chocolate in the Food category, designed for quality and everyday use.",5.99,Food
Classic Television,Television,"A Television in the Electronics category, designed for quality and everyday use.",404.23,Electronics
Modern Lipstick,Lipstick,"A Lipstick in the Beauty category, designed for quality and everyday use.",798.09,Beauty
Eco Board Game,Board Game,"A Board Game in the Toys category, designed for quality and everyday use.",778.09,Toys
Premium T-shirt,T-shirt,"A T-shirt in the Clothing category, designed for quality and everyday use.",992.75,Clothing
Eco T-shirt,T-shirt,"A T-shirt in the Clothing category, designed for quality and everyday use.",1040.85,Clothing
Premium Dumbbells,Dumbbells,"A Dumbbells in the Sports category, designed for quality and everyday use.",466.39,Sports
Eco Nail Polish,Nail Polish,"A Nail Polish in the Beauty category, designed for quality and everyday use.",1055.96,Beauty
Luxury Moisturizer,Moisturizer,"A Moisturizer in the Beauty category, designed for quality and everyday use.",887.97,Beauty
Modern Coffee,Coffee,"A Coffee in the Food category, designed for quality and everyday use.",429.26,Food
Premium Football,Football,"A Football in the Sports category, designed for quality and everyday use.",553.5,Sports
Modern Bookshelf,Bookshelf,"A Bookshelf in the Home category, designed for quality and everyday use.",637.95,Home
Luxury Bicycle,Bicycle,"A Bicycle in the Sports category, designed for quality and everyday use.",694.11,Sports
Luxury Headphones,Headphones,"A Headphones in the Electronics category, designed for quality and everyday use.",34.59,Electronics
Classic T-shirt,T-shirt,"A T-shirt in the Clothing category, designed for quality and everyday use.",641.08,Clothing
Eco Yoga Mat,Yoga Mat,"A Yoga Mat in the Sports category, designed for quality and everyday use.",1100.3,Sports
Premium Headphones,Headphones,"A Headphones in the Electronics category, designed for quality and everyday use.",608.12,Electronics
Modern Juice,Juice,"A Juice in the Food category, designed for quality and everyday use.",1437.15,Food
Eco Perfume,Perfume,"A Perfume in the Beauty category, designed for quality and everyday use.",1415.94,Beauty
Classic Jeans,Jeans,"A Jeans in the Clothing category, designed for quality and everyday use.",1283.78,Clothing
Luxury Comic Book,Comic Book,"A Comic Book in the Books category, designed for quality and everyday use.",1134.45,Books
Eco Perfume,Perfume,"A Perfume in the Beauty category, designed for quality and everyday use.",913.12,Beauty
Luxury Essay,Essay,"A Essay in the Books category, designed for quality and everyday use.",550.78,Books
Classic Juice,Juice,"A Juice in the Food category, designed for quality and everyday use.",414.44,Food
Modern Drone,Drone,"A Drone in the Toys category, designed for quality and everyday use.",965.25,Toys
Premium Tea,Tea,"A Tea in the Food category, designed for quality and everyday use.",572.18,Food
Eco Television,Television,"A Television in the Electronics category, designed for quality and everyday use.",912.74,Electronics
Eco Toy Car,Toy Car,"A Toy Car in the Toys category, designed for quality and everyday use.",523.96,Toys
Premium Smartphone,Smartphone,"A Smartphone in the Electronics category, designed for quality and everyday use.",184.95,Electronics
Modern Comic Book,Comic Book,"A Comic Book in the Books category, designed for quality and everyday use.",1078.89,Books
Classic Novel,Novel,"A Novel in the Books category, designed for quality and everyday use.",262.05,Books
Premium Nail Polish,Nail Polish,"A Nail Polish in the Beauty category, designed for quality and everyday use.",9.81,Beauty
Premium Juice,Juice,"A Juice in the Food category, designed for quality and everyday use.",917.5,Food
Premium Football,Football,"A Football in the Sports category, designed for quality and everyday use.",518.26,Sports
Luxury Novel,Novel,"A Novel in the Books category, designed for quality and everyday use.",949.75,Books
Eco T-shirt,T-shirt,"A T-shirt in the Clothing category, designed for quality and everyday use.",1069.85,Clothing
Classic Moisturizer,Moisturizer,"A Moisturizer in the Beauty category, designed for quality and everyday use.",823.7,Beauty
Modern Jacket,Jacket,"A Jacket in the Clothing category, designed for quality and everyday use.",761.64,Clothing
Eco T-shirt,T-shirt,"A T-shirt in the Clothing category, designed for quality and everyday use.",1376.51,Clothing
Premium Jeans,Jeans,"A Jeans in the Clothing category, designed for quality and everyday use.",889.94,Clothing
Eco Sofa,Sofa,"A Sofa in the Home category, designed for quality and everyday use.",969.06,Home
Eco Board Game,Board Game,"A Board Game in the Toys category, designed for quality and everyday use.",1233.88,Toys
Eco Stuffed Animal,Stuffed Animal,"A Stuffed Animal in the Toys category, designed for quality and everyday use.",265.87,Toys
Luxury Moisturizer,Moisturizer,"A Moisturizer in the Beauty category, designed for quality and everyday use.",355.32,Beauty
Eco Juice,Juice,"A Juice in the Food category, designed for quality and everyday use.",317.73,Food
Eco Nail Polish,Nail Polish,"A Nail Polish in the Beauty category, designed for quality and everyday use.",171.48,Beauty
Modern Juice,Juice,"A Juice in the Food category, designed for quality and everyday use.",166.32,Food
Luxury Dumbbells,Dumbbells,"A Dumbbells in the Sports category, designed for quality and everyday use.",268.13,Sports
Classic Lipstick,Lipstick,"A Lipstick in the Beauty category, designed for quality and everyday use.",189.05,Beauty
Modern Lamp,Lamp,"A Lamp in the Home category, designed for quality and everyday use.",476.95,Home
Modern Cereal,Cereal,"A Cereal in the Food category, designed for quality and everyday use.",291.04,Food
Premium Table,Table,"A Table in the Home category, designed for quality and everyday use.",532.72,Home
Eco Dictionary,Dictionary,"A Dictionary in the Books category, designed for quality and everyday use.",763.91,Books
Modern Moisturizer,Moisturizer,"A Moisturizer in the Beauty category, designed for quality and everyday use.",11.66,Beauty
Modern Drone,Drone,"A Drone in the Toys category, designed for quality and everyday use.",1260.89,Toys
Eco Lamp,Lamp,"A Lamp in the Home category, designed for quality and everyday use.",1207.68,Home
Luxury Sofa,Sofa,"A Sofa in the Home category, designed for quality and everyday use.",240.95,Home
Classic Laptop,Laptop,"A Laptop in the Electronics category, designed for quality and everyday use.",1057.12,Electronics
Luxury Bicycle,Bicycle,"A Bicycle in the Sports category, designed for quality and everyday use.",241.06,Sports
Modern Jacket,Jacket,"A Jacket in the Clothing category, designed for quality and everyday use.",1271.52,Clothing
Eco Television,Television,"A Television in the Electronics category, designed for quality and everyday use.",799.68,Electronics
Premium Jeans,Jeans,"A Jeans in the Clothing category, designed for quality and everyday use.",1228.89,Clothing
Classic Coffee,Coffee,"A Coffee in the Food category, designed for quality and everyday use.",626.13,Food
Eco Dictionary,Dictionary,"A Dictionary in the Books category, designed for quality and everyday use.",1173.91,Books
Premium Moisturizer,Moisturizer,"A Moisturizer in the Beauty category, designed for quality and everyday use.",913.37,Beauty
Eco Tennis Racket,Tennis Racket,"A Tennis Racket in the Sports category, designed for quality and everyday use.",991.47,Sports
Luxury Coffee,Coffee,"A Coffee in the Food category, designed for quality and everyday use.",1381.96,Food
Eco Bookshelf,Bookshelf,"A Bookshelf in the Home category, designed for quality and everyday use.",1189.82,Home
Luxury Chair,Chair,"A Chair in the Home category, designed for quality and everyday use.",809.31,Home
Classic Toy Car,Toy Car,"A Toy Car in the Toys category, designed for quality and everyday use.",427.93,Toys
Classic Jacket,Jacket,"A Jacket in the Clothing category, designed for quality and everyday use.",673.09,Clothing
Modern Stuffed Animal,Stuffed Animal,"A Stuffed Animal in the Toys category, designed for quality and everyday use.",711.32,Toys
Modern Perfume,Perfume,"A Perfume in the Beauty category, designed for quality and everyday use.",659.38,Beauty
Modern Lamp,Lamp,"A Lamp in the Home category, designed for quality and everyday use.",8.13,Home
Eco Tablet,Tablet,"A Tablet in the Electronics category, designed for quality and everyday use.",1463.35,Electronics
Modern Puzzle,Puzzle,"A Puzzle in the Toys category, designed for quality and everyday use.",1482.75,Toys
Classic Dumbbells,Dumbbells,"A Dumbbells in the Sports category, designed for quality and everyday use.",617.12,Sports
Premium Essay,Essay,"A Essay in the Books category, designed for quality and everyday use.",1333.22,Books
Luxury Headphones,Headphones,"A Headphones in the Electronics category, designed for quality and everyday use.",28.22,Electronics
Classic Chair,Chair,"A Chair in the Home category, designed for quality and everyday use.",322.07,Home
Luxury T-shirt,T-shirt,"A T-shirt in the Clothing category, designed for quality and everyday use.",1471.2,Clothing
Modern Yoga Mat,Yoga Mat,"A Yoga Mat in the Sports category, designed for quality and everyday use.",1387.52,Sports
Modern Laptop,Laptop,"A Laptop in the Electronics category, designed for quality and everyday use.",696.72,Electronics
Modern Television,Television,"A Television in the Electronics category, designed for quality and everyday use.",796.81,Electronics
Luxury Smartphone,Smartphone,"A Smartphone in the Electronics category, designed for quality and everyday use.",986.76,Electronics
Classic Lipstick,Lipstick,"A Lipstick in the Beauty category, designed for quality and everyday use.",1345.81,Beauty
Classic Bookshelf,Bookshelf,"A Bookshelf in the Home category, designed for quality and everyday use.",683.34,Home
Modern Coffee,Coffee,"A Coffee in the Food category, designed for quality and everyday use.",160.29,Food
Modern Novel,Novel,"A Novel in the Books category, designed for quality and everyday use.",1294.1,Books
Premium Football,Football,"A Football in the Sports category, designed for quality and everyday use.",1185.12,Sports
Classic Bookshelf,Bookshelf,"A Bookshelf in the Home category, designed for quality and everyday use.",629.02,Home
Premium Shampoo,Shampoo,"A Shampoo in the Beauty category, designed for quality and everyday use.",248.32,Beauty
Premium Dumbbells,Dumbbells,"A Dumbbells in the Sports category, designed for quality and everyday use.",926.64,Sports
Eco Bookshelf,Bookshelf,"A Bookshelf in the Home category, designed for quality and everyday use.",102.07,Home
Luxury Sneakers,Sneakers,"A Sneakers in the Clothing category, designed for quality and everyday use.",196.14,Clothing
Luxury Smartphone,Smartphone,"A Smartphone in the Electronics category, designed for quality and everyday use.",283.37,Electronics
Modern Dumbbells,Dumbbells,"A Dumbbells in the Sports category, designed for quality and everyday use.",1027.31,Sports
Luxury T-shirt,T-shirt,"A T-shirt in the Clothing category, designed for quality and everyday use.",1290.51,Clothing
Luxury Lipstick,Lipstick,"A Lipstick in the Beauty category, designed for quality and everyday use.",1376.49,Beauty
Eco Chocolate,Chocolate,"A Chocolate in the Food category, designed for quality and everyday use.",901.23,Food
Classic Laptop,Laptop,"A Laptop in the Electronics category, designed for quality and everyday use.",1430.86,Electronics
Luxury Tablet,Tablet,"A Tablet in the Electronics category, designed for quality and everyday use.",1026.33,Electronics
Modern Television,Television,"A Television in the Electronics category, designed for quality and everyday use.",173.41,Electronics
Premium Tablet,Tablet,"A Tablet in the Electronics category, designed for quality and everyday use.",68.48,Electronics
Modern Sneakers,Sneakers,"A Sneakers in the Clothing category, designed for quality and everyday use.",656.32,Clothing
Classic Lipstick,Lipstick,"A Lipstick in the Beauty category, designed for quality and everyday use.",206.1,Beauty
Luxury Jacket,Jacket,"A Jacket in the Clothing category, designed for quality and everyday use.",715.24,Clothing
Modern Tablet,Tablet,"A Tablet in the Electronics category, designed for quality and everyday use.",613.3,Electronics
Modern Cereal,Cereal,"A Cereal in the Food category, designed for quality and everyday use.",1139.02,Food
Modern Table,Table,"A Table in the Home category, designed for quality and everyday use.",1431.76,Home
Modern Essay,Essay,"A Essay in the Books category, designed for quality and everyday use.",1322.95,Books
Premium Television,Television,"A Television in the Electronics category, designed for quality and everyday use.",998.28,Electronics
Modern T-shirt,T-shirt,"A T-shirt in the Clothing category, designed for quality and everyday use.",49.18,Clothing
Eco Sofa,Sofa,"A Sofa in the Home category, designed for quality and everyday use.",636.36,Home
Modern Novel,Novel,"A Novel in the Books category, designed for quality and everyday use.",30.14,Books
Classic Novel,Novel,"A Novel in the Books category, designed for quality and everyday use.",189.76,Books
Luxury Television,Television,"A Television in the Electronics category, designed for quality and everyday use.",207.45,Electronics
Premium Tea,Tea,"A Tea in the Food category, designed for quality and everyday use.",312.09,Food
Modern Yoga Mat,Yoga Mat,"A Yoga Mat in the Sports category, designed for quality and everyday use.",72.96,Sports
Eco Sofa,Sofa,"A Sofa in the Home category, designed for quality and everyday use.",119.14,Home
Classic Cereal,Cereal,"A Cereal in the Food category, designed for quality and everyday use.",100.28,Food
Premium Sneakers,Sneakers,"A Sneakers in the Clothing category, designed for quality and everyday use.",251.79,Clothing
Premium Toy Car,Toy Car,"A Toy Car in the Toys category, designed for quality and everyday use.",527.02,Toys
Classic Yoga Mat,Yoga Mat,"A Yoga Mat in the Sports category, designed for quality and everyday use.",875.72,Sports
Eco Lamp,Lamp,"A Lamp in the Home category, designed for quality and everyday use.",319.05,Home
Modern Nail Polish,Nail Polish,"A Nail Polish in the Beauty category, designed for quality and everyday use.",267.89,Beauty
Modern T-shirt,T-shirt,"A T-shirt in the Clothing category, designed for quality and everyday use.",452.03,Clothing
Premium Headphones,Headphones,"A Headphones in the Electronics category, designed for quality and everyday use.",1451.15,Electronics
Classic Dress,Dress,"A Dress in the Clothing category, designed for quality and everyday use.",1089.73,Clothing
Modern Nail Polish,Nail Polish,"A Nail Polish in the Beauty category, designed for quality and everyday use.",238.36,Beauty
Premium Sneakers,Sneakers,"A Sneakers in the Clothing category, designed for quality and everyday use.",1445.68,Clothing
Luxury T-shirt,T-shirt,"A T-shirt in the Clothing category, designed for quality and everyday use.",86.42,Clothing
Eco Textbook,Textbook,"A Textbook in the Books category, designed for quality and everyday use.",654.07,Books
Eco Chair,Chair,"A Chair in the Home category, designed for quality and everyday use.",163.11,Home
Modern Stuffed Animal,Stuffed Animal,"A Stuffed Animal in the Toys category, designed for quality and everyday use.",865.78,Toys
Classic Jeans,Jeans,"A Jeans in the Clothing category, designed for quality and everyday use.",929.76,Clothing
Modern Sneakers,Sneakers,"A Sneakers in the Clothing category, designed for quality and everyday use.",572.29,Clothing
Luxury Sneakers,Sneakers,"A Sneakers in the Clothing category, designed for quality and everyday use.",688.01,Clothing
Eco Drone,Drone,"A Drone in the Toys category, designed for quality and everyday use.",1314.92,Toys
Eco Laptop,Laptop,"A Laptop in the Electronics category, designed for quality and everyday use.",1365.69,Electronics
Classic Shampoo,Shampoo,"A Shampoo in the Beauty category, designed for quality and everyday use.",616.52,Beauty
Eco Novel,Novel,"A Novel in the Books category, designed for quality and everyday use.",1119.07,Books
Eco Essay,Essay,"A Essay in the Books category, designed for quality and everyday use.",1188.53,Books
Luxury Comic Book,Comic Book,"A Comic Book in the Books category, designed for quality and everyday use.",1395.72,Books
Luxury Tea,Tea,"A Tea in the Food category, designed for quality and everyday use.",554.56,Food
Luxury Shampoo,Shampoo,"A Shampoo in the Beauty category, designed for quality and everyday use.",1380.02,Beauty
Eco Bookshelf,Bookshelf,"A Bookshelf in the Home category, designed for quality and everyday use.",1454.6,Home
Modern Shampoo,Shampoo,"A Shampoo in the Beauty category, designed for quality and everyday use.",1217.23,Beauty
Premium Jeans,Jeans,"A Jeans in the Clothing category, designed for quality and everyday use.",815.61,Clothing
Modern Sneakers,Sneakers,"A Sneakers in the Clothing category, designed for quality and everyday use.",1394.43,Clothing
Premium Yoga Mat,Yoga Mat,"A Yoga Mat in the Sports category, designed for quality and everyday use.",652.09,Sports
Luxury Chair,Chair,"A Chair in the Home category, designed for quality and everyday use.",339.86,Home
Premium Lipstick,Lipstick,"A Lipstick in the Beauty category, designed for quality and everyday use.",577.23,Beauty
Classic Table,Table,"A Table in the Home category, designed for quality and everyday use.",98.29,Home
Premium Bicycle,Bicycle,"A Bicycle in the Sports category, designed for quality and everyday use.",92.17,Sports
Luxury Bookshelf,Bookshelf,"A Bookshelf in the Home category, designed for quality and everyday use.",150.1,Home
Eco Tea,Tea,"A Tea in the Food category, designed for quality and everyday use.",191.01,Food
Classic Dumbbells,Dumbbells,"A Dumbbells in the Sports category, designed for quality and everyday use.",894.93,Sports
Eco Essay,Essay,"A Essay in the Books category, designed for quality and everyday use.",713.45,Books
Eco Toy Car,Toy Car,"A Toy Car in the Toys category, designed for quality and everyday use.",751.99,Toys
Modern Comic Book,Comic Book,"A Comic Book in the Books category, designed for quality and everyday use.",234.5,Books
Classic Coffee,Coffee,"A Coffee in the Food category, designed for quality and everyday use.",1275.39,Food
Eco Bicycle,Bicycle,"A Bicycle in the Sports category, designed for quality and everyday use.",890.83,Sports
Premium Puzzle,Puzzle,"A Puzzle in the Toys category, designed for quality and everyday use.",250.59,Toys
Modern Headphones,Headphones,"A Headphones in the Electronics category, designed for quality and everyday use.",1216.48,Electronics
Modern Tea,Tea,"A Tea in the Food category, designed for quality and everyday use.",472.79,Food
Classic T-shirt,T-shirt,"A T-shirt in the Clothing category, designed for quality and everyday use.",481.37,Clothing
Luxury Comic Book,Comic Book,"A Comic Book in the Books category, designed for quality and everyday use.",51.09,Books
Modern Headphones,Headphones,"A Headphones in the Electronics category, designed for quality and everyday use.",103.18,Electronics
Premium Dictionary,Dictionary,"A Dictionary in the Books category, designed for quality and everyday use.",687.75,Books
Luxury Essay,Essay,"A Essay in the Books category, designed for quality and everyday use.",750.88,Books
Eco Moisturizer,Moisturizer,"A Moisturizer in the Beauty category, designed for quality and everyday use.",684.13,Beauty
Modern Comic Book,Comic Book,"A Comic Book in the Books category, designed for quality and everyday use.",1238.74,Books
Eco Coffee,Coffee,"A Coffee in the Food category, designed for quality and everyday use.",118.26,Food
Eco Table,Table,"A Table in the Home category, designed for quality and everyday use.",282.89,Home
Classic Bicycle,Bicycle,"A Bicycle in the Sports category, designed for quality and everyday use.",675.87,Sports
Classic Dictionary,Dictionary,"A Dictionary in the Books category, designed for quality and everyday use.",6.73,Books
Luxury Moisturizer,Moisturizer,"A Moisturizer in the Beauty category, designed for quality and everyday use.",536.12,Beauty
Luxury Television,Television,"A Television in the Electronics category, designed for quality and everyday use.",442.8,Electronics
Luxury Juice,Juice,"A Juice in the Food category, designed for quality and everyday use.",124.74,Food
Luxury Lipstick,Lipstick,"A Lipstick in the Beauty category, designed for quality and everyday use.",1250.06,Beauty
Premium Headphones,Headphones,"A Headphones in the Electronics category, designed for quality and everyday use.",583.66,Electronics
Luxury Sofa,Sofa,"A Sofa in the Home category, designed for quality and everyday use.",823.38,Home
Classic Perfume,Perfume,"A Perfume in the Beauty category, designed for quality and everyday use.",569.78,Beauty
Classic Laptop,Laptop,"A Laptop in the Electronics category, designed for quality and everyday use.",935.52,Electronics
Luxury Jeans,Jeans,"A Jeans in the Clothing category, designed for quality and everyday use.",837.16,Clothing
Premium Smartphone,Smartphone,"A Smartphone in the Electronics category, designed for quality and everyday use.",1462.8,Electronics
Luxury Tennis Racket,Tennis Racket,"A Tennis Racket in the Sports category, designed for quality and everyday use.",781.38,Sports
Modern Textbook,Textbook,"A Textbook in the Books category, designed for quality and everyday use.",328.14,Books
Eco Novel,Novel,"A Novel in the Books category, designed for quality and everyday use.",1230.76,Books
Premium T-shirt,T-shirt,"A T-shirt in the Clothing category, designed for quality and everyday use.",1250.92,Clothing
Classic Juice,Juice,"A Juice in the Food category, designed for quality and everyday use.",571.22,Food
Premium Comic Book,Comic Book,"A Comic Book in the Books category, designed for quality and everyday use.",494.38,Books
Eco Tennis Racket,Tennis Racket,"A Tennis Racket in the Sports category, designed for quality and everyday use.",1239.03,Sports
Luxury Novel,Novel,"A Novel in the Books category, designed for quality and everyday use.",647.77,Books
Eco Toy Car,Toy Car,"A Toy Car in the Toys category, designed for quality and everyday use.",991.47,Toys
Premium Board Game,Board Game,"A Board Game in the Toys category, designed for quality and everyday use.",807.93,Toys
Eco Moisturizer,Moisturizer,"A Moisturizer in the Beauty category, designed for quality and everyday use.",305.17,Beauty
Modern Juice,Juice,"A Juice in the Food category, designed for quality and everyday use.",26.24,Food
Eco Lamp,Lamp,"A Lamp in the Home category, designed for quality and everyday use.",813.05,Home
Premium Dumbbells,Dumbbells,"A Dumbbells in the Sports category, designed for quality and everyday use.",1371.16,Sports
Luxury Board Game,Board Game,"A Board Game in the Toys category, designed for quality and everyday use.",956.33,Toys
Modern Moisturizer,Moisturizer,"A Moisturizer in the Beauty category, designed for quality and everyday use.",1200.55,Beauty
Luxury Television,Television,"A Television in the Electronics category, designed for quality and everyday use.",297.72,Electronics
Luxury Coffee,Coffee,"A Coffee in the Food category, designed for quality and everyday use.",721.2,Food
Modern Novel,Novel,"A Novel in the Books category, designed for quality and everyday use.",1298.97,Books
Classic Laptop,Laptop,"A Laptop in the Electronics category, designed for quality and everyday use.",1488.25,Electronics
Luxury Cereal,Cereal,"A Cereal in the Food category, designed for quality and everyday use.",414.28,Food
Eco Yoga Mat,Yoga Mat,"A Yoga Mat in the Sports category, designed for quality and everyday use.",574.3,Sports
Modern Sofa,Sofa,"A Sofa in the Home category, designed for quality and everyday use.",1255.03,Home
Luxury Nail Polish,Nail Polish,"A Nail Polish in the Beauty category, designed for quality and everyday use.",6.19,Beauty
Premium Jacket,Jacket,"A Jacket in the Clothing category, designed for quality and everyday use.",1038.12,Clothing
Luxury Coffee,Coffee,"A Coffee in the Food category, designed for quality and everyday use.",1446.16,Food
Classic Chocolate,Chocolate,"A Chocolate in the Food category, designed for quality and everyday use.",1414.17,Food
Premium Dress,Dress,"A Dress in the Clothing category, designed for quality and everyday use.",791.81,Clothing
Eco Laptop,Laptop,"A Laptop in the Electronics category, designed for quality and everyday use.",867.79,Electronics
Premium Football,Football,"A Football in the Sports category, designed for quality and everyday use.",884.02,Sports
Classic T-shirt,T-shirt,"A T-shirt in the Clothing category, designed for quality and everyday use.",608.2,Clothing
Modern Yoga Mat,Yoga Mat,"A Yoga Mat in the Sports category, designed for quality and everyday use.",289.44,Sports
Premium Textbook,Textbook,"A Textbook in the Books category, designed for quality and everyday use.",101.19,Books
Classic Comic Book,Comic Book,"A Comic Book in the Books category, designed for quality and everyday use.",800.87,Books
Eco Table,Table,"A Table in the Home category, designed for quality and everyday use.",193.48,Home
Luxury Perfume,Perfume,"A Perfume in the Beauty category, designed for quality and everyday use.",505.24,Beauty
Classic Smartphone,Smartphone,"A Smartphone in the Electronics category, designed for quality and everyday use.",74.09,Electronics
Modern Moisturizer,Moisturizer,"A Moisturizer in the Beauty category, designed for quality and everyday use.",253.3,Beauty
Premium Textbook,Textbook,"A Textbook in the Books category, designed for quality and everyday use.",659.04,Books
Modern Chocolate,Chocolate,"A Chocolate in the Food category, designed for quality and everyday use.",44.01,Food
Modern Lipstick,Lipstick,"A Lipstick in the Beauty category, designed for quality and everyday use.",236.56,Beauty
Premium Dictionary,Dictionary,"A Dictionary in the Books category, designed for quality and everyday use.",624.77,Books
Premium Comic Book,Comic Book,"A Comic Book in the Books category, designed for quality and everyday use.",1434.47,Books
Luxury Tea,Tea,"A Tea in the Food category, designed for quality and everyday use.",752.67,Food
Premium T-shirt,T-shirt,"A T-shirt in the Clothing category, designed for quality and everyday use.",84.32,Clothing
Modern Television,Television,"A Television in the Electronics category, designed for quality and everyday use.",1252.67,Electronics
Modern Football,Football,"A Football in the Sports category, designed for quality and everyday use.",1393.35,Sports
Classic Chocolate,Chocolate,"A Chocolate in the Food category, designed for quality and everyday use.",461.56,Food
Classic Yoga Mat,Yoga Mat,"A Yoga Mat in the Sports category, designed for quality and everyday use.",878.33,Sports
Eco Dictionary,Dictionary,"A Dictionary in the Books category, designed for quality and everyday use.",1123.88,Books
Luxury Drone,Drone,"A Drone in the Toys category, designed for quality and everyday use.",876.86,Toys
Classic Tea,Tea,"A Tea in the Food category, designed for quality and everyday use.",345.6,Food
Eco Dress,Dress,"A Dress in the Clothing category, designed for quality and everyday use.",959.78,Clothing
Modern Laptop,Laptop,"A Laptop in the Electronics category, designed for quality and everyday use.",305.61,Electronics
Premium Cereal,Cereal,"A Cereal in the Food category, designed for quality and everyday use.",1207.39,Food
Premium Jeans,Jeans,"A Jeans in the Clothing category, designed for quality and everyday use.",1250.9,Clothing
Premium Sofa,Sofa,"A Sofa in the Home category, designed for quality and everyday use.",1004.44,Home
Classic Laptop,Laptop,"A Laptop in the Electronics category, designed for quality and everyday use.",1060.17,Electronics
Eco Drone,Drone,"A Drone in the Toys category, designed for quality and everyday use.",24.88,Toys
Luxury Football,Football,"A Football in the Sports category, designed for quality and everyday use.",669.02,Sports
Modern Cereal,Cereal,"A Cereal in the Food category, designed for quality and everyday use.",371.83,Food
Luxury Perfume,Perfume,"A Perfume in the Beauty category, designed for quality and everyday use.",867.87,Beauty
Premium Sofa,Sofa,"A Sofa in the Home category, designed for quality and everyday use.",1080.21,Home
Premium Juice,Juice,"A Juice in the Food category, designed for quality and everyday use.",517.61,Food
Premium Tea,Tea,"A Tea in the Food category, designed for quality and everyday use.",283.87,Food
Luxury Chocolate,Chocolate,"A Chocolate in the Food category, designed for quality and everyday use.",731.39,Food
Modern Tennis Racket,Tennis Racket,"A Tennis Racket in the Sports category, designed for quality and everyday use.",1169.17,Sports
Premium Dumbbells,Dumbbells,"A Dumbbells in the Sports category, designed for quality and everyday use.",14.88,Sports
Premium Football,Football,"A Football in the Sports category, designed for quality and everyday use.",822.3,Sports
Luxury Football,Football,"A Football in the Sports category, designed for quality and everyday use.",900.68,Sports
Luxury Nail Polish,Nail Polish,"A Nail Polish in the Beauty category, designed for quality and everyday use.",380.19,Beauty
Luxury Laptop,Laptop,"A Laptop in the Electronics category, designed for quality and everyday use.",646.17,Electronics
Eco Headphones,Headphones,"A Headphones in the Electronics category, designed for quality and everyday use.",1413.96,Electronics
Modern Nail Polish,Nail Polish,"A Nail Polish in the Beauty category, designed for quality and everyday use.",712.72,Beauty
Eco Tennis Racket,Tennis Racket,"A Tennis Racket in the Sports category, designed for quality and everyday use.",849.44,Sports
Modern Dumbbells,Dumbbells,"A Dumbbells in the Sports category, designed for quality and everyday use.",709.61,Sports
Premium Cereal,Cereal,"A Cereal in the Food category, designed for quality and everyday use.",691.68,Food
Eco Lamp,Lamp,"A Lamp in the Home category, designed for quality and everyday use.",554.98,Home
Premium Bookshelf,Bookshelf,"A Bookshelf in the Home category, designed for quality and everyday use.",1130.24,Home
Classic Dress,Dress,"A Dress in the Clothing category, designed for quality and everyday use.",153.3,Clothing
Luxury Tablet,Tablet,"A Tablet in the Electronics category, designed for quality and everyday use.",647.79,Electronics
Eco Smartphone,Smartphone,"A Smartphone in the Electronics category, designed for quality and everyday use.",146.11,Electronics
Premium Comic Book,Comic Book,"A Comic Book in the Books category, designed for quality and everyday use.",996.97,Books
Modern Cereal,Cereal,"A Cereal in the Food category, designed for quality and everyday use.",1087.69,Food
Luxury Yoga Mat,Yoga Mat,"A Yoga Mat in the Sports category, designed for quality and everyday use.",261.83,Sports
Premium Stuffed Animal,Stuffed Animal,"A Stuffed Animal in the Toys category, designed for quality and everyday use.",1197.03,Toys
Eco Juice,Juice,"A Juice in the Food category, designed for quality and everyday use.",821.89,Food
Premium Jeans,Jeans,"A Jeans in the Clothing category, designed for quality and everyday use.",1246.15,Clothing
Luxury Cereal,Cereal,"A Cereal in the Food category, designed for quality and everyday use.",448.22,Food
Eco Laptop,Laptop,"A Laptop in the Electronics category, designed for quality and everyday use.",1433.04,Electronics
Classic Yoga Mat,Yoga Mat,"A Yoga Mat in the Sports category, designed for quality and everyday use.",229.23,Sports
Premium Perfume,Perfume,"A Perfume in the Beauty category, designed for quality and everyday use.",342.29,Beauty
Premium Table,Table,"A Table in the Home category, designed for quality and everyday use.",468.18,Home
Modern Sneakers,Sneakers,"A Sneakers in the Clothing category, designed for quality and everyday use.",846.16,Clothing
Classic Television,Television,"A Television in the Electronics category, designed for quality and everyday use.",277.96,Electronics
Eco Tablet,Tablet,"A Tablet in the Electronics category, designed for quality and everyday use.",1371.77,Electronics
Classic Tablet,Tablet,"A Tablet in the Electronics category, designed for quality and everyday use.",1335.57,Electronics
Modern Coffee,Coffee,"A Coffee in the Food category, designed for quality and everyday use.",896.34,Food
Eco Chocolate,Chocolate,"A Chocolate in the Food category, designed for quality and everyday use.",1065.8,Food
Eco Chair,Chair,"A Chair in the Home category, designed for quality and everyday use.",1047.82,Home
Eco Sofa,Sofa,"A Sofa in the Home category, designed for quality and everyday use.",678.32,Home
Eco Shampoo,Shampoo,"A Shampoo in the Beauty category, designed for quality and everyday use.",508.75,Beauty
Classic Nail Polish,Nail Polish,"A Nail Polish in the Beauty category, designed for quality and everyday use.",1292.44,Beauty
Premium Tablet,Tablet,"A Tablet in the Electronics category, designed for quality and everyday use.",1006.09,Electronics
Modern Novel,Novel,"A Novel in the Books category, designed for quality and everyday use.",1127.42,Books
Modern Drone,Drone,"A Drone in the Toys category, designed for quality and everyday use.",679.14,Toys
Luxury Football,Football,"A Football in the Sports category, designed for quality and everyday use.",1165.71,Sports
Modern T-shirt,T-shirt,"A T-shirt in the Clothing category, designed for quality and everyday use.",1006.53,Clothing
Luxury Lamp,Lamp,"A Lamp in the Home category, designed for quality and everyday use.",356.7,Home
Eco T-shirt,T-shirt,"A T-shirt in the Clothing category, designed for quality and everyday use.",1478.14,Clothing
Premium Coffee,Coffee,"A Coffee in the Food category, designed for quality and everyday use.",638.89,Food
Modern Dress,Dress,"A Dress in the Clothing category, designed for quality and everyday use.",931.72,Clothing
Modern Sneakers,Sneakers,"A Sneakers in the Clothing category, designed for quality and everyday use.",1224.12,Clothing
Classic Lipstick,Lipstick,"A Lipstick in the Beauty category, designed for quality and everyday use.",145.5,Beauty
Eco Drone,Drone,"A Drone in the Toys category, designed for quality and everyday use.",632.26,Toys
Luxury Yoga Mat,Yoga Mat,"A Yoga Mat in the Sports category, designed for quality and everyday use.",1329.98,Sports
Modern Lamp,Lamp,"A Lamp in the Home category, designed for quality and everyday use.",740.45,Home
Luxury Coffee,Coffee,"A Coffee in the Food category, designed for quality and everyday use.",954.84,Food
Premium Essay,Essay,"A Essay in the Books category, designed for quality and everyday use.",302.03,Books
Premium T-shirt,T-shirt,"A T-shirt in the Clothing category, designed for quality and everyday use.",1255.58,Clothing
Classic Dumbbells,Dumbbells,"A Dumbbells in the Sports category, designed for quality and everyday use.",310.2,Sports
Classic Comic Book,Comic Book,"A Comic Book in the Books category, designed for quality and everyday use.",842.77,Books
Eco Tablet,Tablet,"A Tablet in the Electronics category, designed for quality and everyday use.",1498.66,Electronics
Classic Tennis Racket,Tennis Racket,"A Tennis Racket in the Sports category, designed for quality and everyday use.",1123.81,Sports
Classic Tennis Racket,Tennis Racket,"A Tennis Racket in the Sports category, designed for quality and everyday use.",36.69,Sports
Modern Yoga Mat,Yoga Mat,"A Yoga Mat in the Sports category, designed for quality and everyday use.",753.77,Sports
Modern Sneakers,Sneakers,"A Sneakers in the Clothing category, designed for quality and everyday use.",902.39,Clothing
Eco Stuffed Animal,Stuffed Animal,"A Stuffed Animal in the Toys category, designed for quality and everyday use.",250.19,Toys
Eco Stuffed Animal,Stuffed Animal,"A Stuffed Animal in the Toys category, designed for quality and everyday use.",1176.94,Toys
Eco Moisturizer,Moisturizer,"A Moisturizer in the Beauty category, designed for quality and everyday use.",107.17,Beauty
Luxury Essay,Essay,"A Essay in the Books category, designed for quality and everyday use.",54.7,Books
Eco T-shirt,T-shirt,"A T-shirt in the Clothing category, designed for quality and everyday use.",211.33,Clothing
Eco Football,Football,"A Football in the Sports category, designed for quality and everyday use.",1134.34,Sports
Luxury Nail Polish,Nail Polish,"A Nail Polish in the Beauty category, designed for quality and everyday use.",297.59,Beauty
Modern Television,Television,"A Television in the Electronics category, designed for quality and everyday use.",1089.98,Electronics
Premium Sofa,Sofa,"A Sofa in the Home category, designed for quality and everyday use.",1171.19,Home
Luxury Jacket,Jacket,"A Jacket in the Clothing category, designed for quality and everyday use.",490.84,Clothing
Luxury Lamp,Lamp,"A Lamp in the Home category, designed for quality and everyday use.",647.97,Home
Luxury Bookshelf,Bookshelf,"A Bookshelf in the Home category, designed for quality and everyday use.",1248.39,Home
Modern Tablet,Tablet,"A Tablet in the Electronics category, designed for quality and everyday use.",606.35,Electronics
Luxury Television,Television,"A Television in the Electronics category, designed for quality and everyday use.",1381.03,Electronics
Premium Chocolate,Chocolate,"A Chocolate in the Food category, designed for quality and everyday use.",265.95,Food
Classic Stuffed Animal,Stuffed Animal,"A Stuffed Animal in the Toys category, designed for quality and everyday use.",381.57,Toys
Luxury Sneakers,Sneakers,"A Sneakers in the Clothing category, designed for quality and everyday use.",1402.54,Clothing
Classic Headphones,Headphones,"A Headphones in the Electronics category, designed for quality and everyday use.",514.35,Electronics
Premium Novel,Novel,"A Novel in the Books category, designed for quality and everyday use.",1488.58,Books
Premium Dictionary,Dictionary,"A Dictionary in the Books category, designed for quality and everyday use.",645.75,Books
Modern Board Game,Board Game,"A Board Game in the Toys category, designed for quality and everyday use.",1124.53,Toys
Modern Toy Car,Toy Car,"A Toy Car in the Toys category, designed for quality and everyday use.",1487.1,Toys
Classic Shampoo,Shampoo,"A Shampoo in the Beauty category, designed for quality and everyday use.",1243.2,Beauty
Classic Toy Car,Toy Car,"A Toy Car in the Toys category, designed for quality and everyday use.",458.56,Toys
Classic Cereal,Cereal,"A Cereal in the Food category, designed for quality and everyday use.",565.77,Food
Modern Sofa,Sofa,"A Sofa in the Home category, designed for quality and everyday use.",485.74,Home
Premium Board Game,Board Game,"A Board Game in the Toys category, designed for quality and everyday use.",1014.51,Toys
Luxury Shampoo,Shampoo,"A Shampoo in the Beauty category, designed for quality and everyday use.",1104.07,Beauty
Eco Stuffed Animal,Stuffed Animal,"A Stuffed Animal in the Toys category, designed for quality and everyday use.",701.32,Toys
Premium Nail Polish,Nail Polish,"A Nail Polish in the Beauty category, designed for quality and everyday use.",588.66,Beauty
Modern Headphones,Headphones,"A Headphones in the Electronics category, designed for quality and everyday use.",179.38,Electronics
Eco Novel,Novel,"A Novel in the Books category, designed for quality and everyday use.",489.41,Books
Premium Dumbbells,Dumbbells,"A Dumbbells in the Sports category, designed for quality and everyday use.",662.95,Sports
Classic Television,Television,"A Television in the Electronics category, designed for quality and everyday use.",639.02,Electronics
Luxury Chocolate,Chocolate,"A Chocolate in the Food category, designed for quality and everyday use.",12.5,Food
Modern Tea,Tea,"A Tea in the Food category, designed for quality and everyday use.",774.76,Food
Classic Dictionary,Dictionary,"A Dictionary in the Books category, designed for quality and everyday use.",322.68,Books
Premium Cereal,Cereal,"A Cereal in the Food category, designed for quality and everyday use.",1438.28,Food
Luxury Sofa,Sofa,"A Sofa in the Home category, designed for quality and everyday use.",599.91,Home
Premium T-shirt,T-shirt,"A T-shirt in the Clothing category, designed for quality and everyday use.",883.63,Clothing
Modern Essay,Essay,"A Essay in the Books category, designed for quality and everyday use.",135.15,Books
Classic Puzzle,Puzzle,"A Puzzle in the Toys category, designed for quality and everyday use.",1292.54,Toys
Modern Nail Polish,Nail Polish,"A Nail Polish in the Beauty category, designed for quality and everyday use.",1332.69,Beauty
Luxury Shampoo,Shampoo,"A Shampoo in the Beauty category, designed for quality and everyday use.",1482.48,Beauty
Modern Juice,Juice,"A Juice in the Food category, designed for quality and everyday use.",417.04,Food
Luxury Perfume,Perfume,"A Perfume in the Beauty category, designed for quality and everyday use.",954.64,Beauty
Premium Jeans,Jeans,"A Jeans in the Clothing category, designed for quality and everyday use.",815.89,Clothing
Classic Coffee,Coffee,"A Coffee in the Food category, designed for quality and everyday use.",1360.25,Food
Premium Dictionary,Dictionary,"A Dictionary in the Books category, designed for quality and everyday use.",202.85,Books
Classic Shampoo,Shampoo,"A Shampoo in the Beauty category, designed for quality and everyday use.",621.76,Beauty
Premium Board Game,Board Game,"A Board Game in the Toys category, designed for quality and everyday use.",113.69,Toys
Eco Smartphone,Smartphone,"A Smartphone in the Electronics category, designed for quality and everyday use.",1070.99,Electronics
Modern Dictionary,Dictionary,"A Dictionary in the Books category, designed for quality and everyday use.",612.54,Books
Modern Headphones,Headphones,"A Headphones in the Electronics category, designed for quality and everyday use.",286.74,Electronics
Modern Lamp,Lamp,"A Lamp in the Home category, designed for quality and everyday use.",106.11,Home
Eco Dress,Dress,"A Dress in the Clothing category, designed for quality and everyday use.",267.48,Clothing
Eco Shampoo,Shampoo,"A Shampoo in the Beauty category, designed for quality and everyday use.",1069.79,Beauty
Classic Tablet,Tablet,"A Tablet in the Electronics category, designed for quality and everyday use.",855.46,Electronics
Premium T-shirt,T-shirt,"A T-shirt in the Clothing category, designed for quality and everyday use.",1206.6,Clothing
Premium Shampoo,Shampoo,"A Shampoo in the Beauty category, designed for quality and everyday use.",1158.78,Beauty
Premium Sofa,Sofa,"A Sofa in the Home category, designed for quality and everyday use.",1357.23,Home
Premium Novel,Novel,"A Novel in the Books category, designed for quality and everyday use.",90.54,Books
Luxury Textbook,Textbook,"A Textbook in the Books category, designed for quality and everyday use.",1358.14,Books
Classic Toy Car,Toy Car,"A Toy Car in the Toys category, designed for quality and everyday use.",1005.58,Toys
Eco Tennis Racket,Tennis Racket,"A Tennis Racket in the Sports category, designed for quality and everyday use.",770.08,Sports
Premium Perfume,Perfume,"A Perfume in the Beauty category, designed for quality and everyday use.",848.44,Beauty
Premium Stuffed Animal,Stuffed Animal,"A Stuffed Animal in the Toys category, designed for quality and everyday use.",438.9,Toys
Luxury Nail Polish,Nail Polish,"A Nail Polish in the Beauty category, designed for quality and everyday use.",990.08,Beauty
Eco Headphones,Headphones,"A Headphones in the Electronics category, designed for quality and everyday use.",970.39,Electronics
Luxury Chair,Chair,"A Chair in the Home category, designed for quality and everyday use.",963.18,Home
Classic Headphones,Headphones,"A Headphones in the Electronics category, designed for quality and everyday use.",1395.55,Electronics
Premium Bookshelf,Bookshelf,"A Bookshelf in the Home category, designed for quality and everyday use.",573.77,Home
Eco Comic Book,Comic Book,"A Comic Book in the Books category, designed for quality and everyday use.",1051.05,Books
Luxury Lamp,Lamp,"A Lamp in the Home category, designed for quality and everyday use.",612.14,Home
Classic Stuffed Animal,Stuffed Animal,"A Stuffed Animal in the Toys category, designed for quality and everyday use.",1316.16,Toys
Luxury Chair,Chair,"A Chair in the Home category, designed for quality and everyday use.",606.88,Home
Luxury Essay,Essay,"A Essay in the Books category, designed for quality and everyday use.",1240.72,Books
Classic Table,Table,"A Table in the Home category, designed for quality and everyday use.",300.4,Home
Eco Bookshelf,Bookshelf,"A Bookshelf in the Home category, designed for quality and everyday use.",350.03,Home
Classic Dumbbells,Dumbbells,"A Dumbbells in the Sports category, designed for quality and everyday use.",628.69,Sports
Eco Stuffed Animal,Stuffed Animal,"A Stuffed Animal in the Toys category, designed for quality and everyday use.",837.01,Toys
Luxury Table,Table,"A Table in the Home category, designed for quality and everyday use.",806.38,Home
Luxury Tablet,Tablet,"A Tablet in the Electronics category, designed for quality and everyday use.",1189.98,Electronics
Eco Lamp,Lamp,"A Lamp in the Home category, designed for quality and everyday use.",940.3,Home
Modern Dress,Dress,"A Dress in the Clothing category, designed for quality and everyday use.",12.07,Clothing
Premium Juice,Juice,"A Juice in the Food category, designed for quality and everyday use.",1088.97,Food
Premium T-shirt,T-shirt,"A T-shirt in the Clothing category, designed for quality and everyday use.",1066.27,Clothing
Luxury Puzzle,Puzzle,"A Puzzle in the Toys category, designed for quality and everyday use.",8.39,Toys
Modern Football,Football,"A Football in the Sports category, designed for quality and everyday use.",1259.86,Sports
Luxury Headphones,Headphones,"A Headphones in the Electronics category, designed for quality and everyday use.",95.31,Electronics
Luxury Dumbbells,Dumbbells,"A Dumbbells in the Sports category, designed for quality and everyday use.",505.09,Sports
Premium Shampoo,Shampoo,"A Shampoo in the Beauty category, designed for quality and everyday use.",506.52,Beauty
Luxury Juice,Juice,"A Juice in the Food category, designed for quality and everyday use.",759.85,Food
Eco Moisturizer,Moisturizer,"A Moisturizer in the Beauty category, designed for quality and everyday use.",430.87,Beauty
Luxury Chocolate,Chocolate,"A Chocolate in the Food category, designed for quality and everyday use.",1456.41,Food
Luxury Juice,Juice,"A Juice in the Food category, designed for quality and everyday use.",217.8,Food
Classic Drone,Drone,"A Drone in the Toys category, designed for quality and everyday use.",1324.64,Toys
Classic Shampoo,Shampoo,"A Shampoo in the Beauty category, designed for quality and everyday use.",124.23,Beauty
Eco Lipstick,Lipstick,"A Lipstick in the Beauty category, designed for quality and everyday use.",1379.42,Beauty
Classic Stuffed Animal,Stuffed Animal,"A Stuffed Animal in the Toys category, designed for quality and everyday use.",1429.77,Toys
Modern Bookshelf,Bookshelf,"A Bookshelf in the Home category, designed for quality and everyday use.",1106.65,Home
Premium Perfume,Perfume,"A Perfume in the Beauty category, designed for quality and everyday use.",559.94,Beauty
Premium Drone,Drone,"A Drone in the Toys category, designed for quality and everyday use.",795.78,Toys
Premium Television,Television,"A Television in the Electronics category, designed for quality and everyday use.",106.67,Electronics
Luxury Lipstick,Lipstick,"A Lipstick in the Beauty category, designed for quality and everyday use.",1092.34,Beauty
Classic Lipstick,Lipstick,"A Lipstick in the Beauty category, designed for quality and everyday use.",1018.43,Beauty
Modern Table,Table,"A Table in the Home category, designed for quality and everyday use.",1370.13,Home
Premium Headphones,Headphones,"A Headphones in the Electronics category, designed for quality and everyday use.",346.68,Electronics
Luxury Table,Table,"A Table in the Home category, designed for quality and everyday use.",8.04,Home
Classic Toy Car,Toy Car,"A Toy Car in the Toys category, designed for quality and everyday use.",383.17,Toys
Classic Puzzle,Puzzle,"A Puzzle in the Toys category, designed for quality and everyday use.",720.36,Toys
Premium Lamp,Lamp,"A Lamp in the Home category, designed for quality and everyday use.",344.6,Home
Eco Board Game,Board Game,"A Board Game in the Toys category, designed for quality and everyday use.",1088.37,Toys
Luxury Perfume,Perfume,"A Perfume in the Beauty category, designed for quality and everyday use.",796.73,Beauty
Luxury Football,Football,"A Football in the Sports category, designed for quality and everyday use.",246.26,Sports
Premium Tablet,Tablet,"A Tablet in the Electronics category, designed for quality and everyday use.",1411.77,Electronics
Eco Tablet,Tablet,"A Tablet in the Electronics category, designed for quality and everyday use.",600.33,Electronics
Premium T-shirt,T-shirt,"A T-shirt in the Clothing category, designed for quality and everyday use.",19.09,Clothing
Premium Shampoo,Shampoo,"A Shampoo in the Beauty category, designed for quality and everyday use.",42.72,Beauty
Classic Shampoo,Shampoo,"A Shampoo in the Beauty category, designed for quality and everyday use.",101.48,Beauty
Premium Moisturizer,Moisturizer,"A Moisturizer in the Beauty category, designed for quality and everyday use.",1008.56,Beauty
Eco Lipstick,Lipstick,"A Lipstick in the Beauty category, designed for quality and everyday use.",964.44,Beauty
Classic Television,Television,"A Television in the Electronics category, designed for quality and everyday use.",1183.08,Electronics
Classic Smartphone,Smartphone,"A Smartphone in the Electronics category, designed for quality and everyday use.",69.39,Electronics
Premium Football,Football,"A Football in the Sports category, designed for quality and everyday use.",110.44,Sports
Eco Jeans,Jeans,"A Jeans in the Clothing category, designed for quality and everyday use.",266.69,Clothing
Modern Jeans,Jeans,"A Jeans in the Clothing category, designed for quality and everyday use.",900.1,Clothing
Classic Television,Television,"A Television in the Electronics category, designed for quality and everyday use.",758.89,Electronics
Premium Sneakers,Sneakers,"A Sneakers in the Clothing category, designed for quality and everyday use.",46.4,Clothing
Modern Textbook,Textbook,"A Textbook in the Books category, designed for quality and everyday use.",1472.27,Books
Classic Textbook,Textbook,"A Textbook in the Books category, designed for quality and everyday use.",301.17,Books
Classic Tea,Tea,"A Tea in the Food category, designed for quality and everyday use.",1006.43,Food
Premium Bicycle,Bicycle,"A Bicycle in the Sports category, designed for quality and everyday use.",473.41,Sports
Premium Tea,Tea,"A Tea in the Food category, designed for quality and everyday use.",593.4,Food
Classic Drone,Drone,"A Drone in the Toys category, designed for quality and everyday use.",1072.61,Toys
Luxury Cereal,Cereal,"A Cereal in the Food category, designed for quality and everyday use.",349.38,Food
Modern Board Game,Board Game,"A Board Game in the Toys category, designed for quality and everyday use.",1318.41,Toys
Modern Essay,Essay,"A Essay in the Books category, designed for quality and everyday use.",1103.41,Books
Classic Juice,Juice,"A Juice in the Food category, designed for quality and everyday use.",63.92,Food
Premium Headphones,Headphones,"A Headphones in the Electronics category, designed for quality and everyday use.",82.75,Electronics
Classic Television,Television,"A Television in the Electronics category, designed for quality and everyday use.",659.73,Electronics
Classic Stuffed Animal,Stuffed Animal,"A Stuffed Animal in the Toys category, designed for quality and everyday use.",315.99,Toys
Premium Chair,Chair,"A Chair in the Home category, designed for quality and everyday use.",1220.2,Home
Luxury Board Game,Board Game,"A Board Game in the Toys category, designed for quality and everyday use.",1027.82,Toys
Classic Nail Polish,Nail Polish,"A Nail Polish in the Beauty category, designed for quality and everyday use.",1482.46,Beauty
Classic Dress,Dress,"A Dress in the Clothing category, designed for quality and everyday use.",104.47,Clothing
Modern Bicycle,Bicycle,"A Bicycle in the Sports category, designed for quality and everyday use.",1206.75,Sports
Premium Tablet,Tablet,"A Tablet in the Electronics category, designed for quality and everyday use.",630.39,Electronics
Eco Television,Television,"A Television in the Electronics category, designed for quality and everyday use.",35.66,Electronics
Modern Dumbbells,Dumbbells,"A Dumbbells in the Sports category, designed for quality and everyday use.",963.4,Sports
Eco Tea,Tea,"A Tea in the Food category, designed for quality and everyday use.",873.76,Food
Modern Essay,Essay,"A Essay in the Books category, designed for quality and everyday use.",1193.72,Books
Luxury Television,Television,"A Television in the Electronics category, designed for quality and everyday use.",1428.91,Electronics
Luxury Chair,Chair,"A Chair in the Home category, designed for quality and everyday use.",319.81,Home
Eco Headphones,Headphones,"A Headphones in the Electronics category, designed for quality and everyday use.",232.21,Electronics
Modern Puzzle,Puzzle,"A Puzzle in the Toys category, designed for quality and everyday use.",1044.09,Toys
Luxury Jacket,Jacket,"A Jacket in the Clothing category, designed for quality and everyday use.",1312.39,Clothing
Classic Nail Polish,Nail Polish,"A Nail Polish in the Beauty category, designed for quality and everyday use.",603.62,Beauty
Luxury Bicycle,Bicycle,"A Bicycle in the Sports category, designed for quality and everyday use.",1429.41,Sports
Classic Bicycle,Bicycle,"A Bicycle in the Sports category, designed for quality and everyday use.",382.75,Sports
Premium Novel,Novel,"A Novel in the Books category, designed for quality and everyday use.",1252.05,Books
Modern Drone,Drone,"A Drone in the Toys category, designed for quality and everyday use.",1174.77,Toys
Classic Tennis Racket,Tennis Racket,"A Tennis Racket in the Sports category, designed for quality and everyday use.",1226.77,Sports
Eco Moisturizer,Moisturizer,"A Moisturizer in the Beauty category, designed for quality and everyday use.",258.58,Beauty
Luxury Yoga Mat,Yoga Mat,"A Yoga Mat in the Sports category, designed for quality and everyday use.",287.74,Sports
Modern Chocolate,Chocolate,"A Chocolate in the Food category, designed for quality and everyday use.",849.21,Food
Eco Jeans,Jeans,"A Jeans in the Clothing category, designed for quality and everyday use.",1276.11,Clothing
Luxury Perfume,Perfume,"A Perfume in the Beauty category, designed for quality and everyday use.",891.97,Beauty
Classic Dictionary,Dictionary,"A Dictionary in the Books category, designed for quality and everyday use.",1260.01,Books
Modern Juice,Juice,"A Juice in the Food category, designed for quality and everyday use.",1344.69,Food
Modern Bookshelf,Bookshelf,"A Bookshelf in the Home category, designed for quality and everyday use.",1278.33,Home
Premium Puzzle,Puzzle,"A Puzzle in the Toys category, designed for quality and everyday use.",120.17,Toys
Premium Shampoo,Shampoo,"A Shampoo in the Beauty category, designed for quality and everyday use.",1497.48,Beauty
Modern Lipstick,Lipstick,"A Lipstick in the Beauty category, designed for quality and everyday use.",861.08,Beauty
Premium Coffee,Coffee,"A Coffee in the Food category, designed for quality and everyday use.",1425.21,Food
Eco Toy Car,Toy Car,"A Toy Car in the Toys category, designed for quality and everyday use.",642.78,Toys
Premium Dress,Dress,"A Dress in the Clothing category, designed for quality and everyday use.",737.07,Clothing
Modern Laptop,Laptop,"A Laptop in the Electronics category, designed for quality and everyday use.",1029.08,Electronics
Modern Moisturizer,Moisturizer,"A Moisturizer in the Beauty category, designed for quality and everyday use.",845.52,Beauty
Luxury Sofa,Sofa,"A Sofa in the Home category, designed for quality and everyday use.",648.51,Home
Premium Tennis Racket,Tennis Racket,"A Tennis Racket in the Sports category, designed for quality and everyday use.",563.63,Sports
Luxury Bicycle,Bicycle,"A Bicycle in the Sports category, designed for quality and everyday use.",1275.44,Sports
Eco Sneakers,Sneakers,"A Sneakers in the Clothing category, designed for quality and everyday use.",355.2,Clothing
Luxury Cereal,Cereal,"A Cereal in the Food category, designed for quality and everyday use.",1469.99,Food
Luxury Lamp,Lamp,"A Lamp in the Home category, designed for quality and everyday use.",528.6,Home
Luxury Tea,Tea,"A Tea in the Food category, designed for quality and everyday use.",440.09,Food
Modern Bookshelf,Bookshelf,"A Bookshelf in the Home category, designed for quality and everyday use.",107.08,Home
Modern Tea,Tea,"A Tea in the Food category, designed for quality and everyday use.",311.42,Food
Luxury Football,Football,"A Football in the Sports category, designed for quality and everyday use.",881.96,Sports
Luxury Juice,Juice,"A Juice in the Food category, designed for quality and everyday use.",960.6,Food
Modern Dictionary,Dictionary,"A Dictionary in the Books category, designed for quality and everyday use.",1221.53,Books
Eco Jacket,Jacket,"A Jacket in the Clothing category, designed for quality and everyday use.",1079.27,Clothing
Modern Chair,Chair,"A Chair in the Home category, designed for quality and everyday use.",1226.29,Home
Premium Shampoo,Shampoo,"A Shampoo in the Beauty category, designed for quality and everyday use.",763.9,Beauty
Classic Juice,Juice,"A Juice in the Food category, designed for quality and everyday use.",478.15,Food
Luxury Cereal,Cereal,"A Cereal in the Food category, designed for quality and everyday use.",633.98,Food
Classic Perfume,Perfume,"A Perfume in the Beauty category, designed for quality and everyday use.",870.58,Beauty
Premium Textbook,Textbook,"A Textbook in the Books category, designed for quality and everyday use.",732.86,Books
Premium Jacket,Jacket,"A Jacket in the Clothing category, designed for quality and everyday use.",207.22,Clothing
Modern Coffee,Coffee,"A Coffee in the Food category, designed for quality and everyday use.",1399.38,Food
Classic Drone,Drone,"A Drone in the Toys category, designed for quality and everyday use.",1167.29,Toys
Eco Lipstick,Lipstick,"A Lipstick in the Beauty category, designed for quality and everyday use.",736.93,Beauty
Modern Yoga Mat,Yoga Mat,"A Yoga Mat in the Sports category, designed for quality and everyday use.",149.46,Sports
Eco Jeans,Jeans,"A Jeans in the Clothing category, designed for quality and everyday use.",144.37,Clothing
Luxury Yoga Mat,Yoga Mat,"A Yoga Mat in the Sports category, designed for quality and everyday use.",860.93,Sports
Classic Sneakers,Sneakers,"A Sneakers in the Clothing category, designed for quality and everyday use.",841.02,Clothing
Modern Jacket,Jacket,"A Jacket in the Clothing category, designed for quality and everyday use.",229.31,Clothing
Classic Laptop,Laptop,"A Laptop in the Electronics category, designed for quality and everyday use.",1001.78,Electronics
Eco T-shirt,T-shirt,"A T-shirt in the Clothing category, designed for quality and everyday use.",488.7,Clothing
Eco Tea,Tea,"A Tea in the Food category, designed for quality and everyday use.",879.27,Food
Luxury Tennis Racket,Tennis Racket,"A Tennis Racket in the Sports category, designed for quality and everyday use.",566.89,Sports
Premium Nail Polish,Nail Polish,"A Nail Polish in the Beauty category, designed for quality and everyday use.",1108.36,Beauty
Eco Puzzle,Puzzle,"A Puzzle in the Toys category, designed for quality and everyday use.",1336.18,Toys
Eco Bookshelf,Bookshelf,"A Bookshelf in the Home category, designed for quality and everyday use.",21.78,Home
Premium Novel,Novel,"A Novel in the Books category, designed for quality and everyday use.",200.74,Books
Eco Board Game,Board Game,"A Board Game in the Toys category, designed for quality and everyday use.",320.77,Toys
Eco Jeans,Jeans,"A Jeans in the Clothing category, designed for quality and everyday use.",1460.17,Clothing
Classic Jeans,Jeans,"A Jeans in the Clothing category, designed for quality and everyday use.",1081.99,Clothing
Classic Jacket,Jacket,"A Jacket in the Clothing category, designed for quality and everyday use.",523.96,Clothing
Luxury Puzzle,Puzzle,"A Puzzle in the Toys category, designed for quality and everyday use.",300.8,Toys
Classic Novel,Novel,"A Novel in the Books category, designed for quality and everyday use.",967.32,Books
Eco Stuffed Animal,Stuffed Animal,"A Stuffed Animal in the Toys category, designed for quality and everyday use.",111.75,Toys
Premium Dictionary,Dictionary,"A Dictionary in the Books category, designed for quality and everyday use.",1446.69,Books
Classic Lipstick,Lipstick,"A Lipstick in the Beauty category, designed for quality and everyday use.",1363.16,Beauty
Classic Dictionary,Dictionary,"A Dictionary in the Books category, designed for quality and everyday use.",882.73,Books
Luxury T-shirt,T-shirt,"A T-shirt in the Clothing category, designed for quality and everyday use.",27.03,Clothing
Premium Sofa,Sofa,"A Sofa in the Home category, designed for quality and everyday use.",182.76,Home
Modern Bookshelf,Bookshelf,"A Bookshelf in the Home category, designed for quality and everyday use.",601.01,Home
Modern Yoga Mat,Yoga Mat,"A Yoga Mat in the Sports category, designed for quality and everyday use.",1233.88,Sports
Classic Shampoo,Shampoo,"A Shampoo in the Beauty category, designed for quality and everyday use.",666.36,Beauty
Classic Drone,Drone,"A Drone in the Toys category, designed for quality and everyday use.",1360.1,Toys
Classic Dumbbells,Dumbbells,"A Dumbbells in the Sports category, designed for quality and everyday use.",1335.62,Sports
Eco Jeans,Jeans,"A Jeans in the Clothing category, designed for quality and everyday use.",36.74,Clothing
Modern Bookshelf,Bookshelf,"A Bookshelf in the Home category, designed for quality and everyday use.",926.9,Home
Classic Essay,Essay,"A Essay in the Books category, designed for quality and everyday use.",62.91,Books
Classic Tablet,Tablet,"A Tablet in the Electronics category, designed for quality and everyday use.",401.33,Electronics
Luxury Puzzle,Puzzle,"A Puzzle in the Toys category, designed for quality and everyday use.",67.85,Toys
Modern Shampoo,Shampoo,"A Shampoo in the Beauty category, designed for quality and everyday use.",1171.47,Beauty
Premium Coffee,Coffee,"A Coffee in the Food category, designed for quality and everyday use.",1424.67,Food
Modern Smartphone,Smartphone,"A Smartphone in the Electronics category, designed for quality and everyday use.",502.16,Electronics
Eco Juice,Juice,"A Juice in the Food category, designed for quality and everyday use.",493.2,Food
Eco Tennis Racket,Tennis Racket,"A Tennis Racket in the Sports category, designed for quality and everyday use.",952.42,Sports
Premium Headphones,Headphones,"A Headphones in the Electronics category, designed for quality and everyday use.",1283.76,Electronics
Luxury Lamp,Lamp,"A Lamp in the Home category, designed for quality and everyday use.",194.44,Home
Classic Essay,Essay,"A Essay in the Books category, designed for quality and everyday use.",243.09,Books
Premium Jeans,Jeans,"A Jeans in the Clothing category, designed for quality and everyday use.",137.64,Clothing
Eco Dictionary,Dictionary,"A Dictionary in the Books category, designed for quality and everyday use.",731.23,Books
Premium Novel,Novel,"A Novel in the Books category, designed for quality and everyday use.",1024.26,Books
Premium Cereal,Cereal,"A Cereal in the Food category, designed for quality and everyday use.",194.03,Food
Classic Tablet,Tablet,"A Tablet in the Electronics category, designed for quality and everyday use.",1260.28,Electronics
Modern Cereal,Cereal,"A Cereal in the Food category, designed for quality and everyday use.",434.5,Food
Luxury Smartphone,Smartphone,"A Smartphone in the Electronics category, designed for quality and everyday use.",1021.71,Electronics
Luxury Bookshelf,Bookshelf,"A Bookshelf in the Home category, designed for quality and everyday use.",1182.11,Home
Premium Shampoo,Shampoo,"A Shampoo in the Beauty category, designed for quality and everyday use.",451.94,Beauty
Classic Television,Television,"A Television in the Electronics category, designed for quality and everyday use.",28.82,Electronics
Classic Jeans,Jeans,"A Jeans in the Clothing category, designed for quality and everyday use.",283.27,Clothing
Eco Tablet,Tablet,"A Tablet in the Electronics category, designed for quality and everyday use.",1102.12,Electronics
Luxury Yoga Mat,Yoga Mat,"A Yoga Mat in the Sports category, designed for quality and everyday use.",1067.34,Sports
Modern Juice,Juice,"A Juice in the Food category, designed for quality and everyday use.",1250.44,Food
Eco Yoga Mat,Yoga Mat,"A Yoga Mat in the Sports category, designed for quality and everyday use.",1130.99,Sports
Premium Sneakers,Sneakers,"A Sneakers in the Clothing category, designed for quality and everyday use.",1347.25,Clothing
Classic Laptop,Laptop,"A Laptop in the Electronics category, designed for quality and everyday use.",1242.22,Electronics
Eco Tennis Racket,Tennis Racket,"A Tennis Racket in the Sports category, designed for quality and everyday use.",1425.41,Sports
Premium Smartphone,Smartphone,"A Smartphone in the Electronics category, designed for quality and everyday use.",1188.37,Electronics
Classic Lipstick,Lipstick,"A Lipstick in the Beauty category, designed for quality and everyday use.",678.31,Beauty
Eco Puzzle,Puzzle,"A Puzzle in the Toys category, designed for quality and everyday use.",435.47,Toys
Premium Juice,Juice,"A Juice in the Food category, designed for quality and everyday use.",414.05,Food
Classic Dumbbells,Dumbbells,"A Dumbbells in the Sports category, designed for quality and everyday use.",633.19,Sports
Luxury Tennis Racket,Tennis Racket,"A Tennis Racket in the Sports category, designed for quality and everyday use.",1478.89,Sports
Classic Dumbbells,Dumbbells,"A Dumbbells in the Sports category, designed for quality and everyday use.",205.52,Sports
Premium Lipstick,Lipstick,"A Lipstick in the Beauty category, designed for quality and everyday use.",944.64,Beauty
Luxury Tea,Tea,"A Tea in the Food category, designed for quality and everyday use.",1244.51,Food
Classic Juice,Juice,"A Juice in the Food category, designed for quality and everyday use.",1398.66,Food
Classic Football,Football,"A Football in the Sports category, designed for quality and everyday use.",1039.81,Sports
Premium Comic Book,Comic Book,"A Comic Book in the Books category, designed for quality and everyday use.",506.47,Books
Premium Cereal,Cereal,"A Cereal in the Food category, designed for quality and everyday use.",671.68,Food
Eco Dumbbells,Dumbbells,"A Dumbbells in the Sports category, designed for quality and everyday use.",1111.15,Sports
Modern Football,Football,"A Football in the Sports category, designed for quality and everyday use.",1284.14,Sports
Premium Drone,Drone,"A Drone in the Toys category, designed for quality and everyday use.",953.54,Toys
Classic Coffee,Coffee,"A Coffee in the Food category, designed for quality and everyday use.",465.72,Food
Premium Essay,Essay,"A Essay in the Books category, designed for quality and everyday use.",1042.04,Books
Modern Table,Table,"A Table in the Home category, designed for quality and everyday use.",1396.4,Home
Modern Laptop,Laptop,"A Laptop in the Electronics category, designed for quality and everyday use.",1344.38,Electronics
Modern Novel,Novel,"A Novel in the Books category, designed for quality and everyday use.",411.22,Books
Premium Bicycle,Bicycle,"A Bicycle in the Sports category, designed for quality and everyday use.",772.97,Sports
Modern Drone,Drone,"A Drone in the Toys category, designed for quality and everyday use.",1347.72,Toys
Luxury Chocolate,Chocolate,"A Chocolate in the Food category, designed for quality and everyday use.",808.63,Food
Modern Cereal,Cereal,"A Cereal in the Food category, designed for quality and everyday use.",877.65,Food
Luxury Textbook,Textbook,"A Textbook in the Books category, designed for quality and everyday use.",1327.6,Books
Premium Nail Polish,Nail Polish,"A Nail Polish in the Beauty category, designed for quality and everyday use.",708.97,Beauty
Premium Tablet,Tablet,"A Tablet in the Electronics category, designed for quality and everyday use.",922.67,Electronics
Premium Dictionary,Dictionary,"A Dictionary in the Books category, designed for quality and everyday use.",312.51,Books
Premium Comic Book,Comic Book,"A Comic Book in the Books category, designed for quality and everyday use.",868.18,Books
Premium Dress,Dress,"A Dress in the Clothing category, designed for quality and everyday use.",1492.15,Clothing
Modern Board Game,Board Game,"A Board Game in the Toys category, designed for quality and everyday use.",1417.1,Toys
Luxury Yoga Mat,Yoga Mat,"A Yoga Mat in the Sports category, designed for quality and everyday use.",734.7,Sports
Eco Perfume,Perfume,"A Perfume in the Beauty category, designed for quality and everyday use.",465.93,Beauty
Premium Dictionary,Dictionary,"A Dictionary in the Books category, designed for quality and everyday use.",1110.74,Books
Classic Jacket,Jacket,"A Jacket in the Clothing category, designed for quality and everyday use.",307.75,Clothing
Classic Chair,Chair,"A Chair in the Home category, designed for quality and everyday use.",1021.38,Home
Luxury Jeans,Jeans,"A Jeans in the Clothing category, designed for quality and everyday use.",781.82,Clothing
Eco Sneakers,Sneakers,"A Sneakers in the Clothing category, designed for quality and everyday use.",563.74,Clothing
Classic Headphones,Headphones,"A Headphones in the Electronics category, designed for quality and everyday use.",174.13,Electronics
Eco Coffee,Coffee,"A Coffee in the Food category, designed for quality and everyday use.",662.55,Food
Classic Smartphone,Smartphone,"A Smartphone in the Electronics category, designed for quality and everyday use.",131.76,Electronics
Luxury Stuffed Animal,Stuffed Animal,"A Stuffed Animal in the Toys category, designed for quality and everyday use.",1096.58,Toys
Luxury Smartphone,Smartphone,"A Smartphone in the Electronics category, designed for quality and everyday use.",516.41,Electronics
Modern Toy Car,Toy Car,"A Toy Car in the Toys category, designed for quality and everyday use.",769.55,Toys
Classic Dumbbells,Dumbbells,"A Dumbbells in the Sports category, designed for quality and everyday use.",10.97,Sports
Luxury Puzzle,Puzzle,"A Puzzle in the Toys category, designed for quality and everyday use.",1126.5,Toys
Modern Coffee,Coffee,"A Coffee in the Food category, designed for quality and everyday use.",1285.07,Food
Luxury Lamp,Lamp,"A Lamp in the Home category, designed for quality and everyday use.",210.58,Home
Premium Laptop,Laptop,"A Laptop in the Electronics category, designed for quality and everyday use.",388.29,Electronics
Luxury Sneakers,Sneakers,"A Sneakers in the Clothing category, designed for quality and everyday use.",159.78,Clothing
Eco Nail Polish,Nail Polish,"A Nail Polish in the Beauty category, designed for quality and everyday use.",1204.96,Beauty
Luxury Board Game,Board Game,"A Board Game in the Toys category, designed for quality and everyday use.",1381.32,Toys
Eco Chocolate,Chocolate,"A Chocolate in the Food category, designed for quality and everyday use.",1259.72,Food
Eco Sofa,Sofa,"A Sofa in the Home category, designed for quality and everyday use.",205.45,Home
Luxury Tennis Racket,Tennis Racket,"A Tennis Racket in the Sports category, designed for quality and everyday use.",974.05,Sports
Luxury Stuffed Animal,Stuffed Animal,"A Stuffed Animal in the Toys category, designed for quality and everyday use.",470.61,Toys
Premium Dumbbells,Dumbbells,"A Dumbbells in the Sports category, designed for quality and everyday use.",1484.15,Sports
Modern Jacket,Jacket,"A Jacket in the Clothing category, designed for quality and everyday use.",699.52,Clothing
Eco Football,Football,"A Football in the Sports category, designed for quality and everyday use.",930.01,Sports
Eco Chocolate,Chocolate,"A Chocolate in the Food category, designed for quality and everyday use.",461.65,Food
Classic Jeans,Jeans,"A Jeans in the Clothing category, designed for quality and everyday use.",777.06,Clothing
Premium Textbook,Textbook,"A Textbook in the Books category, designed for quality and everyday use.",461.99,Books
Modern Chocolate,Chocolate,"A Chocolate in the Food category, designed for quality and everyday use.",1106.52,Food
Luxury Chocolate,Chocolate,"A Chocolate in the Food category, designed for quality and everyday use.",579.32,Food
Luxury Toy Car,Toy Car,"A Toy Car in the Toys category, designed for quality and everyday use.",328.44,Toys
Classic Dumbbells,Dumbbells,"A Dumbbells in the Sports category, designed for quality and everyday use.",457.29,Sports
Classic Television,Television,"A Television in the Electronics category, designed for quality and everyday use.",1211.48,Electronics
Premium Laptop,Laptop,"A Laptop in the Electronics category, designed for quality and everyday use.",685.06,Electronics
Premium Lamp,Lamp,"A Lamp in the Home category, designed for quality and everyday use.",234.24,Home
Classic Cereal,Cereal,"A Cereal in the Food category, designed for quality and everyday use.",1358.73,Food
Eco T-shirt,T-shirt,"A T-shirt in the Clothing category, designed for quality and everyday use.",232.7,Clothing
Luxury Comic Book,Comic Book,"A Comic Book in the Books category, designed for quality and everyday use.",758.85,Books
Eco Tennis Racket,Tennis Racket,"A Tennis Racket in the Sports category, designed for quality and everyday use.",809.59,Sports
Premium Smartphone,Smartphone,"A Smartphone in the Electronics category, designed for quality and everyday use.",152.34,Electronics
Eco Shampoo,Shampoo,"A Shampoo in the Beauty category, designed for quality and everyday use.",964.17,Beauty
Classic Lipstick,Lipstick,"A Lipstick in the Beauty category, designed for quality and everyday use.",202.51,Beauty
Classic Tea,Tea,"A Tea in the Food category, designed for quality and everyday use.",1251.03,Food
Modern Bookshelf,Bookshelf,"A Bookshelf in the Home category, designed for quality and everyday use.",1099.25,Home
Premium Essay,Essay,"A Essay in the Books category, designed for quality and everyday use.",1070.88,Books
Modern Moisturizer,Moisturizer,"A Moisturizer in the Beauty category, designed for quality and everyday use.",373.19,Beauty
Premium Bookshelf,Bookshelf,"A Bookshelf in the Home category, designed for quality and everyday use.",1438.21,Home
Premium Toy Car,Toy Car,"A Toy Car in the Toys category, designed for quality and everyday use.",1196.76,Toys
Modern Dress,Dress,"A Dress in the Clothing category, designed for quality and everyday use.",756.4,Clothing
Luxury Board Game,Board Game,"A Board Game in the Toys category, designed for quality and everyday use.",1368.38,Toys
Modern Smartphone,Smartphone,"A Smartphone in the Electronics category, designed for quality and everyday use.",1420.26,Electronics
Classic Laptop,Laptop,"A Laptop in the Electronics category, designed for quality and everyday use.",753.53,Electronics
Luxury Table,Table,"A Table in the Home category, designed for quality and everyday use.",446.35,Home
Modern Lipstick,Lipstick,"A Lipstick in the Beauty category, designed for quality and everyday use.",651.93,Beauty
Classic Laptop,Laptop,"A Laptop in the Electronics category, designed for quality and everyday use.",1444.41,Electronics
Modern Chocolate,Chocolate,"A Chocolate in the Food category, designed for quality and everyday use.",451.46,Food
Modern Perfume,Perfume,"A Perfume in the Beauty category, designed for quality and everyday use.",302.49,Beauty
Classic Textbook,Textbook,"A Textbook in the Books category, designed for quality and everyday use.",667.37,Books
Eco Dictionary,Dictionary,"A Dictionary in the Books category, designed for quality and everyday use.",1008.47,Books
Luxury Football,Football,"A Football in the Sports category, designed for quality and everyday use.",73.85,Sports
Eco Nail Polish,Nail Polish,"A Nail Polish in the Beauty category, designed for quality and everyday use.",561.3,Beauty
Classic Moisturizer,Moisturizer,"A Moisturizer in the Beauty category, designed for quality and everyday use.",1090.04,Beauty
Eco Board Game,Board Game,"A Board Game in the Toys category, designed for quality and everyday use.",866.02,Toys
Modern Football,Football,"A Football in the Sports category, designed for quality and everyday use.",763.18,Sports
Luxury Toy Car,Toy Car,"A Toy Car in the Toys category, designed for quality and everyday use.",801.98,Toys
Classic Television,Television,"A Television in the Electronics category, designed for quality and everyday use.",826.09,Electronics
Modern Bookshelf,Bookshelf,"A Bookshelf in the Home category, designed for quality and everyday use.",1102.29,Home
Classic Jacket,Jacket,"A Jacket in the Clothing category, designed for quality and everyday use.",703.95,Clothing
Modern T-shirt,T-shirt,"A T-shirt in the Clothing category, designed for quality and everyday use.",453.83,Clothing
Luxury Moisturizer,Moisturizer,"A Moisturizer in the Beauty category, designed for quality and everyday use.",1418.95,Beauty
Eco Lipstick,Lipstick,"A Lipstick in the Beauty category, designed for quality and everyday use.",1145.54,Beauty
Modern Dictionary,Dictionary,"A Dictionary in the Books category, designed for quality and everyday use.",1424.44,Books
Luxury Dictionary,Dictionary,"A Dictionary in the Books category, designed for quality and everyday use.",305.69,Books
Premium Television,Television,"A Television in the Electronics category, designed for quality and everyday use.",777.5,Electronics
Modern Shampoo,Shampoo,"A Shampoo in the Beauty category, designed for quality and everyday use.",620.83,Beauty
Premium Novel,Novel,"A Novel in the Books category, designed for quality and everyday use.",164.67,Books
Eco Moisturizer,Moisturizer,"A Moisturizer in the Beauty category, designed for quality and everyday use.",229.74,Beauty
Modern Drone,Drone,"A Drone in the Toys category, designed for quality and everyday use.",168.53,Toys
Eco Coffee,Coffee,"A Coffee in the Food category, designed for quality and everyday use.",18.62,Food
Premium Sofa,Sofa,"A Sofa in the Home category, designed for quality and everyday use.",745.23,Home
Modern Cereal,Cereal,"A Cereal in the Food category, designed for quality and everyday use.",417.06,Food
Eco Stuffed Animal,Stuffed Animal,"A Stuffed Animal in the Toys category, designed for quality and everyday use.",408.34,Toys
Eco Chocolate,Chocolate,"A Chocolate in the Food category, designed for quality and everyday use.",553.94,Food
Luxury Bicycle,Bicycle,"A Bicycle in the Sports category, designed for quality and everyday use.",1218.18,Sports
Luxury Tennis Racket,Tennis Racket,"A Tennis Racket in the Sports category, designed for quality and everyday use.",65.21,Sports
Classic Table,Table,"A Table in the Home category, designed for quality and everyday use.",299.96,Home
Modern Chocolate,Chocolate,"A Chocolate in the Food category, designed for quality and everyday use.",166.87,Food
Modern Comic Book,Comic Book,"A Comic Book in the Books category, designed for quality and everyday use.",764.24,Books
Luxury Nail Polish,Nail Polish,"A Nail Polish in the Beauty category, designed for quality and everyday use.",257.19,Beauty
Modern Dictionary,Dictionary,"A Dictionary in the Books category, designed for quality and everyday use.",942.71,Books
Luxury Comic Book,Comic Book,"A Comic Book in the Books category, designed for quality and everyday use.",1462.34,Books
Premium Jeans,Jeans,"A Jeans in the Clothing category, designed for quality and everyday use.",182.93,Clothing
Premium Yoga Mat,Yoga Mat,"A Yoga Mat in the Sports category, designed for quality and everyday use.",854.81,Sports
Premium Nail Polish,Nail Polish,"A Nail Polish in the Beauty category, designed for quality and everyday use.",1437.4,Beauty
Classic Bookshelf,Bookshelf,"A Bookshelf in the Home category, designed for quality and everyday use.",618.83,Home
Classic Toy Car,Toy Car,"A Toy Car in the Toys category, designed for quality and everyday use.",695.34,Toys
Premium Television,Television,"A Television in the Electronics category, designed for quality and everyday use.",453.87,Electronics
Premium Dress,Dress,"A Dress in the Clothing category, designed for quality and everyday use.",744.59,Clothing
Modern Jeans,Jeans,"A Jeans in the Clothing category, designed for quality and everyday use.",1335.04,Clothing
Premium Shampoo,Shampoo,"A Shampoo in the Beauty category, designed for quality and everyday use.",1027.95,Beauty
Luxury Tennis Racket,Tennis Racket,"A Tennis Racket in the Sports category, designed for quality and everyday use.",33.29,Sports
Luxury Chocolate,Chocolate,"A Chocolate in the Food category, designed for quality and everyday use.",576.81,Food
Classic Bicycle,Bicycle,"A Bicycle in the Sports category, designed for quality and everyday use.",1194.22,Sports
Luxury Laptop,Laptop,"A Laptop in the Electronics category, designed for quality and everyday use.",230.56,Electronics
Eco Jeans,Jeans,"A Jeans in the Clothing category, designed for quality and everyday use.",414.35,Clothing
Modern Dumbbells,Dumbbells,"A Dumbbells in the Sports category, designed for quality and everyday use.",1092.75,Sports
Classic Coffee,Coffee,"A Coffee in the Food category, designed for quality and everyday use.",1352.41,Food
Luxury Perfume,Perfume,"A Perfume in the Beauty category, designed for quality and everyday use.",776.31,Beauty
Premium Moisturizer,Moisturizer,"A Moisturizer in the Beauty category, designed for quality and everyday use.",509.94,Beauty
Modern Cereal,Cereal,"A Cereal in the Food category, designed for quality and everyday use.",1446.34,Food
Classic Jacket,Jacket,"A Jacket in the Clothing category, designed for quality and everyday use.",1421.37,Clothing
Classic Smartphone,Smartphone,"A Smartphone in the Electronics category, designed for quality and everyday use.",694.27,Electronics
Classic Nail Polish,Nail Polish,"A Nail Polish in the Beauty category, designed for quality and everyday use.",671.74,Beauty
Eco Shampoo,Shampoo,"A Shampoo in the Beauty category, designed for quality and everyday use.",68.89,Beauty
Modern Dumbbells,Dumbbells,"A Dumbbells in the Sports category, designed for quality and everyday use.",196.41,Sports
Premium Jeans,Jeans,"A Jeans in the Clothing category, designed for quality and everyday use.",406.23,Clothing
Eco Tennis Racket,Tennis Racket,"A Tennis Racket in the Sports category, designed for quality and everyday use.",414.23,Sports
Classic Jeans,Jeans,"A Jeans in the Clothing category, designed for quality and everyday use.",1052.34,Clothing
Luxury Moisturizer,Moisturizer,"A Moisturizer in the Beauty category, designed for quality and everyday use.",1101.18,Beauty
Classic Board Game,Board Game,"A Board Game in the Toys category, designed for quality and everyday use.",590.05,Toys
Premium Coffee,Coffee,"A Coffee in the Food category, designed for quality and everyday use.",1309.0,Food
Premium Dumbbells,Dumbbells,"A Dumbbells in the Sports category, designed for quality and everyday use.",1245.27,Sports
Eco Coffee,Coffee,"A Coffee in the Food category, designed for quality and everyday use.",1143.15,Food
Eco Tennis Racket,Tennis Racket,"A Tennis Racket in the Sports category, designed for quality and everyday use.",847.0,Sports
Premium Shampoo,Shampoo,"A Shampoo in the Beauty category, designed for quality and everyday use.",269.73,Beauty
Eco Sofa,Sofa,"A Sofa in the Home category, designed for quality and everyday use.",471.28,Home
Luxury Coffee,Coffee,"A Coffee in the Food category, designed for quality and everyday use.",576.01,Food
Eco Bicycle,Bicycle,"A Bicycle in the Sports category, designed for quality and everyday use.",45.55,Sports
Eco Yoga Mat,Yoga Mat,"A Yoga Mat in the Sports category, designed for quality and everyday use.",538.59,Sports
Modern Nail Polish,Nail Polish,"A Nail Polish in the Beauty category, designed for quality and everyday use.",1015.24,Beauty
Modern Bicycle,Bicycle,"A Bicycle in the Sports category, designed for quality and everyday use.",706.32,Sports
Eco Dumbbells,Dumbbells,"A Dumbbells in the Sports category, designed for quality and everyday use.",525.25,Sports
Luxury Board Game,Board Game,"A Board Game in the Toys category, designed for quality and everyday use.",1482.81,Toys
Premium Textbook,Textbook,"A Textbook in the Books category, designed for quality and everyday use.",1349.44,Books
Eco Comic Book,Comic Book,"A Comic Book in the Books category, designed for quality and everyday use.",783.08,Books
Premium Television,Television,"A Television in the Electronics category, designed for quality and everyday use.",1044.6,Electronics
Modern Essay,Essay,"A Essay in the Books category, designed for quality and everyday use.",1028.71,Books
Classic Dress,Dress,"A Dress in the Clothing category, designed for quality and everyday use.",1428.29,Clothing
Premium Chair,Chair,"A Chair in the Home category, designed for quality and everyday use.",406.81,Home
Eco Stuffed Animal,Stuffed Animal,"A Stuffed Animal in the Toys category, designed for quality and everyday use.",1254.2,Toys
Modern Sneakers,Sneakers,"A Sneakers in the Clothing category, designed for quality and everyday use.",1225.5,Clothing
Luxury Tea,Tea,"A Tea in the Food category, designed for quality and everyday use.",611.43,Food
Premium Dictionary,Dictionary,"A Dictionary in the Books category, designed for quality and everyday use.",311.37,Books
Classic Dress,Dress,"A Dress in the Clothing category, designed for quality and everyday use.",941.07,Clothing
Premium Lipstick,Lipstick,"A Lipstick in the Beauty category, designed for quality and everyday use.",968.42,Beauty
Modern Chocolate,Chocolate,"A Chocolate in the Food category, designed for quality and everyday use.",470.26,Food
Modern Juice,Juice,"A Juice in the Food category, designed for quality and everyday use.",124.18,Food
Luxury Yoga Mat,Yoga Mat,"A Yoga Mat in the Sports category, designed for quality and everyday use.",162.7,Sports
Modern Drone,Drone,"A Drone in the Toys category, designed for quality and everyday use.",1017.92,Toys
Modern Bicycle,Bicycle,"A Bicycle in the Sports category, designed for quality and everyday use.",96.16,Sports
Premium Bicycle,Bicycle,"A Bicycle in the Sports category, designed for quality and everyday use.",1172.21,Sports
Modern Lamp,Lamp,"A Lamp in the Home category, designed for quality and everyday use.",385.55,Home
Eco Puzzle,Puzzle,"A Puzzle in the Toys category, designed for quality and everyday use.",1162.59,Toys
Luxury Headphones,Headphones,"A Headphones in the Electronics category, designed for quality and everyday use.",337.89,Electronics
Premium Tea,Tea,"A Tea in the Food category, designed for quality and everyday use.",601.16,Food
Eco Stuffed Animal,Stuffed Animal,"A Stuffed Animal in the Toys category, designed for quality and everyday use.",798.54,Toys
Modern Yoga Mat,Yoga Mat,"A Yoga Mat in the Sports category, designed for quality and everyday use.",242.62,Sports
Premium Perfume,Perfume,"A Perfume in the Beauty category, designed for quality and everyday use.",1106.63,Beauty
Luxury Board Game,Board Game,"A Board Game in the Toys category, designed for quality and everyday use.",1367.49,Toys
Luxury Television,Television,"A Television in the Electronics category, designed for quality and everyday use.",268.17,Electronics
Eco Headphones,Headphones,"A Headphones in the Electronics category, designed for quality and everyday use.",434.55,Electronics
Premium Tennis Racket,Tennis Racket,"A Tennis Racket in the Sports category, designed for quality and everyday use.",632.77,Sports
Premium Chair,Chair,"A Chair in the Home category, designed for quality and everyday use.",1286.2,Home
Premium Toy Car,Toy Car,"A Toy Car in the Toys category, designed for quality and everyday use.",1155.81,Toys
Modern Nail Polish,Nail Polish,"A Nail Polish in the Beauty category, designed for quality and everyday use.",1041.63,Beauty
Classic Shampoo,Shampoo,"A Shampoo in the Beauty category, designed for quality and everyday use.",99.54,Beauty
Modern Jeans,Jeans,"A Jeans in the Clothing category, designed for quality and everyday use.",383.41,Clothing
Luxury Chair,Chair,"A Chair in the Home category, designed for quality and everyday use.",982.8,Home
Classic Nail Polish,Nail Polish,"A Nail Polish in the Beauty category, designed for quality and everyday use.",235.56,Beauty
Eco Perfume,Perfume,"A Perfume in the Beauty category, designed for quality and everyday use.",572.77,Beauty
